﻿pos_x,pos_y,rotation,side,designator,mpn,pack,footprint,value,mount_type,place
109.26,-87.94,0.0,top,A2,,,Arduino_Nano,Arduino_Nano_v3.x,tht,True
93.675,-117.16,0.0,top,J1,,,DSUB-15_Female_Horizontal_P2.77x2.84mm_EdgePinOffset9.90mm_Housed_MountingHolesOffset11.32mm,DA15_Receptacle_MountingHoles,tht,True
100.5,-104.08,180.0,top,J2,,,PinHeader_1x04_P2.54mm_Horizontal,Conn_01x04_Pin,tht,True
100.54,-87.5,-90.0,top,J3,,,PinSocket_1x10_P2.54mm_Vertical,Conn_01x10_Socket,tht,True
128.0,-123.5,180.0,top,J4,,,PinSocket_1x15_P2.54mm_Vertical,Conn_01x15_Socket,tht,True
102.06,-113.0,-90.0,top,J5,,,PinSocket_1x15_P2.54mm_Vertical,Conn_01x15_Socket_SubD15_Header,tht,True
106.0,-123.5,180.0,top,J6,,,PinSocket_1x15_P2.54mm_Vertical,Conn_01x15_Socket,tht,True
87.62,-107.5,180.0,top,R1,,,R_Axial_DIN0207_L6.3mm_D2.5mm_P7.62mm_Horizontal,R,tht,True
75.62,-107.5,180.0,top,R2,,,R_Axial_DIN0207_L6.3mm_D2.5mm_P7.62mm_Horizontal,R,tht,True
