﻿Designator,Quantity,Value,Footprint,Package,MPN,DNP,Mount_Type,Description
A2,1,Arduino_Nano_v3.x,Arduino_Nano,,,,tht,Arduino Nano v3.x
J1,1,DA15_Receptacle_MountingHoles,DSUB-15_Female_Horizontal_P2.77x2.84mm_EdgePinOffset9.90mm_Housed_MountingHolesOffset11.32mm,,,,tht,"15-pin female receptacle socket D-SUB connector (low-density/2 columns), Mounting Hole"
J2,1,Conn_01x04_Pin,PinHeader_1x04_P2.54mm_Horizontal,,,,tht,"Generic connector, single row, 01x04, script generated"
J3,1,Conn_01x10_Socket,PinSocket_1x10_P2.54mm_Vertical,,,,tht,"Generic connector, single row, 01x10, script generated"
"J4, J6",2,Conn_01x15_Socket,PinSocket_1x15_P2.54mm_Vertical,,,,tht,"Generic connector, single row, 01x15, script generated"
J5,1,Conn_01x15_Socket_SubD15_Header,PinSocket_1x15_P2.54mm_Vertical,,,,tht,"Generic connector, single row, 01x15, script generated"
"R1, R2",2,R,R_Axial_DIN0207_L6.3mm_D2.5mm_P7.62mm_Horizontal,,,,tht,Resistor
